chrom	pos	ref	alt	snv	FOBP	VAFF	SOB	msec	truth
chr2	131424135	C	T	chr2_131424135_C_T	-1	0	0	0	FALSE
chr2	131424137	C	T	chr2_131424137_C_T	-0.000574303	0.1	-1	0	FALSE
chr2	131424160	C	T	chr2_131424160_C_T	0	1	-1	0	FALSE
chr3	37025864	C	T	chr3_37025864_C_T	-1	0	0	1	FALSE
chr3	107106840	G	A	chr3_107106840_G_A	-0.000434316	1	-1	1	FALSE
chr4	54731331	C	T	chr4_54731331_C_T	-1	0	0	1	FALSE
chr4	55080090	C	T	chr4_55080090_C_T	-0.000358762	0.1	-1	1	FALSE
chr4	152328225	C	T	chr4_152328225_C_T	-1	0	0	1	FALSE
chr5	112839474	C	T	chr5_112839474_C_T	-2.19669e-05	0.0606061	-0.3333	1	TRUE
chr5	112839567	G	A	chr5_112839567_G_A	-1	0	0	1	FALSE
chr5	112839942	C	T	chr5_112839942_C_T	-2.15471e-05	0.1	-1	1	FALSE
chr7	66505133	C	T	chr7_66505133_C_T	-2.73717e-10	1	-1	1	FALSE
chr7	129206202	C	T	chr7_129206202_C_T	-1	0	0	1	FALSE
chr7	129212083	C	T	chr7_129212083_C_T	-0.000463064	1	-1	0	FALSE
chr9	21971131	G	A	chr9_21971131_G_A	-1	0	0	1	FALSE
chr9	21971135	G	A	chr9_21971135_G_A	-1	0	0	1	FALSE
chr9	33675980	C	T	chr9_33675980_C_T	-9.07649e-06	1	-1	0	TRUE
chr9	109934435	C	T	chr9_109934435_C_T	-1	0	-1	0	FALSE
chr9	109934486	C	T	chr9_109934486_C_T	-0.00189244	0.5	-1	0	FALSE
chr10	87952243	C	T	chr10_87952243_C_T	-0.000115687	0.2	-1	1	FALSE
chr11	108301709	C	T	chr11_108301709_C_T	-1	0	0	1	FALSE
chr12	120994390	C	T	chr12_120994390_C_T	-1	0	0	1	FALSE
chr13	28035992	G	A	chr13_28035992_G_A	-1	0	0	1	FALSE
chr13	48453069	C	T	chr13_48453069_C_T	-1	0	0	1	FALSE
chr16	82104000	G	A	chr16_82104000_G_A	-5.82749e-06	0.666667	-1	0	FALSE
chr19	3114882	G	A	chr19_3114882_G_A	-1	0	0	0	FALSE
