chrom	pos	ref	alt	snv	FOBP	VAFF	SOB	msec	truth
chr1	114716167	C	T	chr1_114716167_C_T	-1	0	0	1	FALSE
chr2	29220921	C	T	chr2_29220921_C_T	-0.030868	0.0526316	-1	1	FALSE
chr3	10142154	C	T	chr3_10142154_C_T	-1	0	0	1	FALSE
chr3	10142202	C	T	chr3_10142202_C_T	-1	0	0	0	FALSE
chr3	10146651	C	T	chr3_10146651_C_T	-1	0	0	1	FALSE
chr3	107106840	G	A	chr3_107106840_G_A	-0.00043593	1	-1	1	TRUE
chr3	179199116	C	T	chr3_179199116_C_T	-1	0	0	1	FALSE
chr3	179199147	C	T	chr3_179199147_C_T	-1	0	0	1	FALSE
chr3	179218294	G	A	chr3_179218294_G_A	-3.45698e-11	0.157895	-1	1	FALSE
chr3	179218370	C	T	chr3_179218370_C_T	-1	0	-1	1	FALSE
chr3	179221125	C	T	chr3_179221125_C_T	-1	0	0	1	FALSE
chr3	179221146	G	A	chr3_179221146_G_A	-2.38154e-11	0.176471	-1	1	FALSE
chr4	1806596	C	T	chr4_1806596_C_T	-1	0	0	1	FALSE
chr4	54727297	G	A	chr4_54727297_G_A	-1	0	-1	1	FALSE
chr4	55088958	C	T	chr4_55088958_C_T	-1	0	0	1	FALSE
chr4	152328225	C	T	chr4_152328225_C_T	-1	0	0	1	FALSE
chr5	112839538	C	T	chr5_112839538_C_T	-1	0	-1	1	FALSE
chr5	150054123	C	T	chr5_150054123_C_T	-1	0	-1	1	FALSE
chr5	150073570	C	T	chr5_150073570_C_T	-1	0	0	1	FALSE
chr7	66505143	G	A	chr7_66505143_G_A	-6.39972e-07	1	-1	1	FALSE
chr7	116771984	C	T	chr7_116771984_C_T	-0.039941	0.0416667	-1	1	FALSE
chr7	116771998	C	T	chr7_116771998_C_T	-1	0	-1	1	FALSE
chr7	140781733	G	A	chr7_140781733_G_A	-1	0	-1	0	FALSE
chr9	33675980	C	T	chr9_33675980_C_T	-9.07649e-06	1	-1	0	TRUE
chr9	77721442	C	T	chr9_77721442_C_T	-1	0	-1	1	FALSE
chr9	77797554	C	T	chr9_77797554_C_T	-1	0	0	1	FALSE
chr9	130873012	C	T	chr9_130873012_C_T	-1	0	-1	1	FALSE
chr9	130873033	C	T	chr9_130873033_C_T	-1	0	-1	1	FALSE
chr10	43120214	C	T	chr10_43120214_C_T	-1	0	0	1	FALSE
chr11	533873	C	T	chr11_533873_C_T	-1	0	-1	1	FALSE
chr11	533883	G	A	chr11_533883_G_A	-1	0	-1	0	FALSE
chr11	108299833	C	T	chr11_108299833_C_T	-1	0	0	1	FALSE
chr11	108299840	C	T	chr11_108299840_C_T	-1	0	0	1	FALSE
chr13	28036001	G	A	chr13_28036001_G_A	-1	0	0	1	FALSE
chr13	28036004	G	A	chr13_28036004_G_A	-1	0	0	1	FALSE
chr13	48465057	C	T	chr13_48465057_C_T	-1	0	0	1	FALSE
chr14	104780203	C	T	chr14_104780203_C_T	-1	0	0	1	FALSE
chr15	72899350	G	A	chr15_72899350_G_A	-6.08414e-07	1	-1	0	FALSE
chr15	80003355	G	A	chr15_80003355_G_A	-6.82157e-07	1	0	0	FALSE
chr18	51067107	C	T	chr18_51067107_C_T	-1	0	0	1	FALSE
chr18	51067115	C	T	chr18_51067115_C_T	-1	0	0	1	FALSE
chr22	16572181	C	T	chr22_16572181_C_T	-1	0	0	1	FALSE
