chrom	pos	ref	alt	snv	FOBP	VAFF	SOB	msec	truth
chr1	5016416	G	A	chr1_5016416_G_A	-8.1628e-06	0.4	-1	0	FALSE
chr1	114713947	C	T	chr1_114713947_C_T	-1	0	0	1	FALSE
chr2	131424122	C	T	chr2_131424122_C_T	-0.000357385	0.08	-1	0	FALSE
chr2	211665423	C	T	chr2_211665423_C_T	-1	0	0	1	TRUE
chr2	211665426	C	T	chr2_211665426_C_T	-1.17163e-09	0.307692	-1	1	FALSE
chr3	10142230	C	T	chr3_10142230_C_T	-1	0	0	1	FALSE
chr3	10146626	C	T	chr3_10146626_C_T	-1	0	0	1	FALSE
chr3	107106840	G	A	chr3_107106840_G_A	-0.00027872	1	-1	1	FALSE
chr4	54278411	C	T	chr4_54278411_C_T	-1	0	0	1	FALSE
chr4	55079992	G	A	chr4_55079992_G_A	-0.000153233	0.117647	-1	1	FALSE
chr4	55096438	C	T	chr4_55096438_C_T	-1	0	0	1	FALSE
chr5	6082586	C	T	chr5_6082586_C_T	-2.49617e-07	1	-1	0	FALSE
chr5	177096316	C	T	chr5_177096316_C_T	-2.88153e-07	1	-1	1	FALSE
chr7	55143506	C	T	chr7_55143506_C_T	-1	0	-1	1	FALSE
chr7	55174817	C	T	chr7_55174817_C_T	-8.37752e-05	0.153846	-1	1	FALSE
chr7	66505181	C	T	chr7_66505181_C_T	0	0.75	-1	0	FALSE
chr7	129211751	C	T	chr7_129211751_C_T	-1	0	0	1	FALSE
chr8	38428506	C	T	chr8_38428506_C_T	-1	0	-1	1	FALSE
chr9	77794462	C	T	chr9_77794462_C_T	-1	0	0	1	FALSE
chr9	130872137	C	T	chr9_130872137_C_T	-1	0	0	1	FALSE
chr10	87864505	C	T	chr10_87864505_C_T	-1	0	0	1	FALSE
chr10	87957764	C	T	chr10_87957764_C_T	-1	0	0	1	FALSE
chr11	108310231	C	T	chr11_108310231_C_T	-1	0	0	1	FALSE
chr12	25227428	C	T	chr12_25227428_C_T	-1	0	0	1	FALSE
chr13	27043422	G	A	chr13_27043422_G_A	-2.65473e-07	1	-1	0	FALSE
chr13	48453020	C	T	chr13_48453020_C_T	-1	0	0	1	FALSE
chr13	48453050	C	T	chr13_48453050_C_T	-1	0	0	1	FALSE
chr13	48453069	C	T	chr13_48453069_C_T	-1	0	0	1	FALSE
chr17	39724782	C	T	chr17_39724782_C_T	-1	0	-1	1	FALSE
chr19	1207022	C	T	chr19_1207022_C_T	-1	0	0	1	FALSE
chr19	1220520	G	A	chr19_1220520_G_A	-0.000171808	0.1	-1	0	TRUE
