chrom	pos	ref	alt	snv	FOBP	VAFF	SOB	msec	truth
chr2	211665423	C	T	chr2_211665423_C_T	-1	0	0	1	TRUE
chr3	10142111	G	A	chr3_10142111_G_A	-1	0	0	1	FALSE
chr3	10146651	C	T	chr3_10146651_C_T	-1	0	-1	1	FALSE
chr3	37025800	G	A	chr3_37025800_G_A	-1	0	-1	1	FALSE
chr4	54731355	C	T	chr4_54731355_C_T	-1	0	0	1	FALSE
chr4	55089013	C	T	chr4_55089013_C_T	-1	0	0	1	FALSE
chr4	152324340	C	T	chr4_152324340_C_T	-1	0	0	1	FALSE
chr7	55174077	C	T	chr7_55174077_C_T	-1	0	0	1	FALSE
chr7	66505419	G	A	chr7_66505419_G_A	-0.000114779	0.142857	-1	1	FALSE
chr7	116772021	C	T	chr7_116772021_C_T	-1	0	0	1	FALSE
chr7	116777461	C	T	chr7_116777461_C_T	-1	0	0	1	FALSE
chr7	116777462	C	T	chr7_116777462_C_T	-1	0	0	1	FALSE
chr7	116777518	C	T	chr7_116777518_C_T	-1	0	0	1	FALSE
chr9	33675980	C	T	chr9_33675980_C_T	-9.07649e-06	1	-1	0	FALSE
chr9	77794662	C	T	chr9_77794662_C_T	-1	0	0	1	FALSE
chr9	77797620	C	T	chr9_77797620_C_T	-1	0	0	1	FALSE
chr9	130872119	C	T	chr9_130872119_C_T	-1	0	-1	1	FALSE
chr9	130872141	G	A	chr9_130872141_G_A	-1	0	-1	1	FALSE
chr9	130872213	G	A	chr9_130872213_G_A	-1	0	0	1	FALSE
chr10	43113632	C	T	chr10_43113632_C_T	-1	0	0	1	FALSE
chr10	43114576	G	A	chr10_43114576_G_A	-1	0	-1	1	FALSE
chr10	43118487	C	T	chr10_43118487_C_T	-1	0	0	1	FALSE
chr10	87864484	C	T	chr10_87864484_C_T	-1	0	0	1	FALSE
chr11	108330233	C	T	chr11_108330233_C_T	-1	0	0	1	FALSE
chr11	108335136	C	T	chr11_108335136_C_T	-1	0	0	1	FALSE
chr12	25227372	C	T	chr12_25227372_C_T	-1	0	0	1	FALSE
chr13	48453086	C	T	chr13_48453086_C_T	-0.0031622	0.2	-1	1	FALSE
chr13	48459730	G	A	chr13_48459730_G_A	-1	0	0	1	FALSE
chr13	48459735	C	T	chr13_48459735_C_T	-1	0	0	1	FALSE
chr13	48463839	G	A	chr13_48463839_G_A	-1	0	0	1	FALSE
chr17	7674945	G	A	chr17_7674945_G_A	0	0.307692	-1	1	FALSE
chr17	7675270	C	T	chr17_7675270_C_T	-1	0	0	1	FALSE
chr17	7676603	C	T	chr17_7676603_C_T	-1	0	0	1	FALSE
chr17	7676604	C	T	chr17_7676604_C_T	-1	0	0	1	FALSE
chr19	1220520	G	A	chr19_1220520_G_A	-1	0	0	1	TRUE
chr19	3118852	G	A	chr19_3118852_G_A	-1	0	0	1	FALSE
chr22	16572108	C	T	chr22_16572108_C_T	-1	0	0	1	FALSE
