chrom	pos	ref	alt	snv	FOBP	VAFF	SOB	msec	truth
chr1	114716130	C	T	chr1_114716130_C_T	-1	0	0	1	FALSE
chr2	126766623	G	A	chr2_126766623_G_A	-2.16225e-10	1	-1	0	FALSE
chr2	131423927	C	T	chr2_131423927_C_T	-1	0	-1	1	FALSE
chr3	37025834	C	T	chr3_37025834_C_T	-1	0	0	1	FALSE
chr3	37025848	C	T	chr3_37025848_C_T	-1	0	0	1	FALSE
chr3	179199115	C	T	chr3_179199115_C_T	-1	0	0	1	FALSE
chr4	1806593	C	T	chr4_1806593_C_T	-1	0	0	0	FALSE
chr4	1807327	C	T	chr4_1807327_C_T	-1	0	0	0	FALSE
chr4	1807329	C	T	chr4_1807329_C_T	-1	0	0	1	FALSE
chr4	54278497	C	T	chr4_54278497_C_T	-1	0	0	1	FALSE
chr4	152337846	C	T	chr4_152337846_C_T	-1	0	0	1	FALSE
chr5	112839980	G	A	chr5_112839980_G_A	-1	0	-1	1	FALSE
chr5	150054155	C	T	chr5_150054155_C_T	-1	0	0	1	FALSE
chr5	177096316	C	T	chr5_177096316_C_T	-0.00032992	1	-1	1	TRUE
chr7	55174839	G	A	chr7_55174839_G_A	-1	0	0	0	FALSE
chr7	55174849	C	T	chr7_55174849_C_T	-1	0	0	1	FALSE
chr7	66505063	G	A	chr7_66505063_G_A	-1	0	0	1	FALSE
chr7	129210593	C	T	chr7_129210593_C_T	-1	0	0	0	FALSE
chr7	129211767	C	T	chr7_129211767_C_T	-1	0	0	1	FALSE
chr7	140753335	C	T	chr7_140753335_C_T	-1	0	0	1	FALSE
chr9	21971131	G	A	chr9_21971131_G_A	-1	0	0	1	FALSE
chr9	21971134	G	A	chr9_21971134_G_A	-1	0	0	1	FALSE
chr9	33675980	C	T	chr9_33675980_C_T	-2.38517e-05	1	-1	0	TRUE
chr9	130863009	C	T	chr9_130863009_C_T	-1	0	0	1	FALSE
chr9	130863013	C	T	chr9_130863013_C_T	-1	0	0	1	FALSE
chr10	87952166	C	T	chr10_87952166_C_T	-1	0	0	1	FALSE
chr10	87957801	C	T	chr10_87957801_C_T	-1	0	0	1	FALSE
chr10	121498562	C	T	chr10_121498562_C_T	-1	0	-1	1	FALSE
chr11	108252848	C	T	chr11_108252848_C_T	-1	0	0	1	FALSE
chr11	108302942	C	T	chr11_108302942_C_T	-1	0	0	1	FALSE
chr11	108347380	C	T	chr11_108347380_C_T	-1	0	0	1	FALSE
chr17	7670695	G	A	chr17_7670695_G_A	-1	0	0	1	FALSE
chr17	7674936	C	T	chr17_7674936_C_T	-1	0	0	1	FALSE
chr17	7676145	G	A	chr17_7676145_G_A	-1	0	0	1	FALSE
chr19	1220490	C	T	chr19_1220490_C_T	-1	0	-1	0	FALSE
chr19	1220502	C	T	chr19_1220502_C_T	-1	0	0	0	FALSE
chr19	17834976	G	A	chr19_17834976_G_A	-1	0	0	1	FALSE
chr19	17834986	G	A	chr19_17834986_G_A	-1	0	0	1	FALSE
chr22	23834265	G	A	chr22_23834265_G_A	-1	0	-1	1	FALSE
chr22	23834272	G	A	chr22_23834272_G_A	-1	0	-1	1	FALSE
chr22	41178742	C	T	chr22_41178742_C_T	-1.70818e-10	1	-1	0	FALSE
